review,product,rating
Excellent product quality,Tablet,4
Excellent product quality,Headphones,5
Amazing performance,Phone,4
Worth the price,Laptop,5
Very poor battery life,Phone,2
Highly recommend this product,Laptop,4
Delivery was delayed,Tablet,2
Worth the price,Tablet,5
Very bad customer support,Laptop,2
Worth the price,Laptop,4
Amazing performance,Headphones,5
Not worth the money,Laptop,2
Highly recommend this product,Laptop,4
Excellent product quality,Laptop,4
Highly recommend this product,Phone,4
Very fast delivery,Tablet,5
Very fast delivery,Laptop,4
Product stopped working,Tablet,2
Amazing performance,Laptop,4
Product stopped working,Phone,1
Worth the price,Laptop,5
Very bad customer support,Tablet,2
Delivery was delayed,Tablet,1
Amazing performance,Laptop,5
Amazing performance,Headphones,4
Very fast delivery,Tablet,5
Highly recommend this product,Headphones,4
Highly recommend this product,Phone,4
Very bad customer support,Headphones,1
Delivery was delayed,Phone,1
Excellent product quality,Tablet,5
Worth the price,Phone,4
Product stopped working,Tablet,1
Amazing performance,Phone,5
Amazing performance,Phone,4
Worth the price,Tablet,5
Very fast delivery,Headphones,5
Very poor battery life,Headphones,2
Delivery was delayed,Headphones,1
Excellent product quality,Laptop,4
Excellent product quality,Tablet,5
Very bad customer support,Phone,1
Amazing performance,Headphones,5
Very fast delivery,Laptop,5
Amazing performance,Tablet,5
Very fast delivery,Headphones,5
Very bad customer support,Headphones,1
Excellent product quality,Phone,5
Excellent product quality,Headphones,4
Very bad customer support,Phone,2
Worth the price,Phone,5
Highly recommend this product,Laptop,5
Worth the price,Headphones,5
Very fast delivery,Phone,5
Delivery was delayed,Phone,2
Worth the price,Phone,4
Not worth the money,Headphones,2
Highly recommend this product,Headphones,5
Product stopped working,Phone,1
Highly recommend this product,Headphones,5
Amazing performance,Phone,4
Very poor battery life,Headphones,1
Amazing performance,Headphones,5
Highly recommend this product,Laptop,5
Delivery was delayed,Laptop,1
Not worth the money,Laptop,1
Excellent product quality,Phone,5
Not worth the money,Phone,1
Excellent product quality,Phone,4
Excellent product quality,Tablet,4
Very poor battery life,Headphones,2
Product stopped working,Headphones,1
Very bad customer support,Laptop,1
Amazing performance,Laptop,4
Highly recommend this product,Laptop,5
Product stopped working,Phone,1
Amazing performance,Phone,5
Not worth the money,Phone,2
Highly recommend this product,Laptop,4
Highly recommend this product,Headphones,4
Worth the price,Phone,5
Very bad customer support,Laptop,1
Delivery was delayed,Phone,2
Delivery was delayed,Tablet,2
Very fast delivery,Tablet,4
Very bad customer support,Tablet,2
Excellent product quality,Laptop,4
Highly recommend this product,Laptop,4
Very poor battery life,Phone,2
Excellent product quality,Laptop,5
Delivery was delayed,Headphones,1
Amazing performance,Tablet,4
Product stopped working,Phone,2
Product stopped working,Headphones,1
Worth the price,Laptop,5
Very bad customer support,Laptop,2
Not worth the money,Headphones,1
Very bad customer support,Phone,1
Worth the price,Phone,5
Very fast delivery,Phone,4
Worth the price,Headphones,5
Product stopped working,Tablet,2
Excellent product quality,Phone,5
Not worth the money,Headphones,2
Worth the price,Headphones,4
Amazing performance,Tablet,5
Worth the price,Headphones,5
Worth the price,Phone,5
Worth the price,Tablet,5
Excellent product quality,Laptop,5
Very bad customer support,Headphones,1
Worth the price,Laptop,5
Product stopped working,Laptop,2
Not worth the money,Laptop,1
Excellent product quality,Headphones,4
Very poor battery life,Phone,2
Highly recommend this product,Tablet,4
Highly recommend this product,Phone,4
Highly recommend this product,Tablet,5
Excellent product quality,Headphones,4
Very poor battery life,Laptop,2
Highly recommend this product,Phone,5
Highly recommend this product,Tablet,5
Product stopped working,Tablet,1
Very bad customer support,Laptop,2
Product stopped working,Tablet,1
Delivery was delayed,Laptop,1
Worth the price,Headphones,4
Worth the price,Tablet,4
Highly recommend this product,Laptop,4
Product stopped working,Headphones,1
Excellent product quality,Phone,4
Product stopped working,Phone,1
Worth the price,Tablet,5
Highly recommend this product,Laptop,4
Not worth the money,Phone,2
Worth the price,Phone,4
Worth the price,Phone,5
Very bad customer support,Laptop,2
Worth the price,Laptop,4
Amazing performance,Laptop,5
Worth the price,Headphones,4
Very bad customer support,Laptop,1
Excellent product quality,Laptop,4
Very poor battery life,Laptop,1
Worth the price,Phone,4
Not worth the money,Headphones,2
Not worth the money,Phone,2
Excellent product quality,Phone,5
Delivery was delayed,Laptop,2
Highly recommend this product,Tablet,4
Delivery was delayed,Laptop,1
Delivery was delayed,Laptop,1
Product stopped working,Phone,2
Very fast delivery,Laptop,5
Very fast delivery,Headphones,5
Excellent product quality,Laptop,4
Highly recommend this product,Phone,5
Amazing performance,Phone,4
Product stopped working,Tablet,2
Highly recommend this product,Headphones,4
Very poor battery life,Phone,1
Excellent product quality,Laptop,5
Very fast delivery,Phone,4
Highly recommend this product,Tablet,4
Very bad customer support,Tablet,1
Very fast delivery,Laptop,4
Delivery was delayed,Phone,2
Very poor battery life,Headphones,2
Highly recommend this product,Headphones,4
Highly recommend this product,Tablet,5
Delivery was delayed,Headphones,2
Very poor battery life,Headphones,2
Product stopped working,Phone,2
Excellent product quality,Phone,5
Amazing performance,Tablet,5
Excellent product quality,Phone,5
Delivery was delayed,Tablet,2
Very poor battery life,Phone,2
Worth the price,Phone,4
Highly recommend this product,Headphones,5
Worth the price,Tablet,5
Very poor battery life,Laptop,2
Amazing performance,Tablet,5
Delivery was delayed,Headphones,2
Very poor battery life,Tablet,2
Amazing performance,Headphones,4
Worth the price,Tablet,5
Delivery was delayed,Phone,2
Worth the price,Headphones,4
Not worth the money,Laptop,1
Highly recommend this product,Phone,4
Delivery was delayed,Phone,1
Not worth the money,Laptop,1
Delivery was delayed,Tablet,1
Worth the price,Tablet,5
Highly recommend this product,Tablet,5
Very poor battery life,Tablet,2
Delivery was delayed,Phone,2
Very fast delivery,Headphones,5
Delivery was delayed,Headphones,2
Worth the price,Tablet,5
Very fast delivery,Tablet,4
Very fast delivery,Phone,4
Worth the price,Phone,5
Highly recommend this product,Laptop,4
Excellent product quality,Laptop,4
Amazing performance,Tablet,4
Product stopped working,Phone,1
Worth the price,Headphones,4
Excellent product quality,Tablet,5
Worth the price,Headphones,5
Worth the price,Laptop,5
Very poor battery life,Laptop,1
Worth the price,Tablet,5
Not worth the money,Tablet,2
Delivery was delayed,Phone,1
Not worth the money,Laptop,1
Worth the price,Phone,4
Very bad customer support,Phone,1
Very poor battery life,Phone,1
Very bad customer support,Laptop,2
Not worth the money,Headphones,2
Not worth the money,Laptop,2
Delivery was delayed,Tablet,1
Very bad customer support,Laptop,2
Worth the price,Tablet,4
Very poor battery life,Headphones,1
Very poor battery life,Headphones,2
Not worth the money,Phone,1
Not worth the money,Laptop,1
Delivery was delayed,Phone,2
Amazing performance,Phone,4
Very poor battery life,Phone,1
Amazing performance,Laptop,4
Excellent product quality,Headphones,4
Delivery was delayed,Laptop,2
Very poor battery life,Phone,2
Delivery was delayed,Headphones,1
Highly recommend this product,Tablet,5
Very poor battery life,Headphones,1
Product stopped working,Tablet,1
Delivery was delayed,Tablet,1
Very bad customer support,Phone,1
Delivery was delayed,Tablet,1
Excellent product quality,Tablet,5
Product stopped working,Headphones,2
Very fast delivery,Tablet,5
Very fast delivery,Laptop,5
Very poor battery life,Headphones,2
Delivery was delayed,Headphones,2
Product stopped working,Phone,1
Not worth the money,Laptop,2
Product stopped working,Phone,1
Not worth the money,Laptop,2
Amazing performance,Tablet,5
Very fast delivery,Laptop,4
Product stopped working,Laptop,2
Not worth the money,Phone,1
Not worth the money,Tablet,2
Worth the price,Headphones,4
Very fast delivery,Headphones,4
Excellent product quality,Headphones,5
Very bad customer support,Phone,2
Delivery was delayed,Tablet,1
Highly recommend this product,Headphones,5
Not worth the money,Phone,2
Highly recommend this product,Tablet,5
Very bad customer support,Headphones,2
Not worth the money,Laptop,2
Worth the price,Laptop,4
Not worth the money,Phone,2
Worth the price,Tablet,4
Not worth the money,Tablet,1
Not worth the money,Laptop,1
Very bad customer support,Phone,2
Very fast delivery,Tablet,5
Worth the price,Headphones,4
Product stopped working,Headphones,1
Amazing performance,Tablet,5
Delivery was delayed,Tablet,1
Highly recommend this product,Tablet,5
Worth the price,Laptop,4
Very poor battery life,Headphones,1
Delivery was delayed,Laptop,2
Delivery was delayed,Tablet,1
Delivery was delayed,Phone,2
Excellent product quality,Tablet,4
Excellent product quality,Phone,5
Highly recommend this product,Headphones,4
Not worth the money,Phone,2
Highly recommend this product,Tablet,4
Not worth the money,Tablet,2
Excellent product quality,Headphones,5
Not worth the money,Laptop,1
Very poor battery life,Laptop,1
Product stopped working,Phone,2
Product stopped working,Phone,1
Delivery was delayed,Tablet,2
Highly recommend this product,Laptop,5
